{
    "character_name": "gia_cat_luong",
    "voice_features": {
        "mfcc": [
            -162.46420288085938,
            97.98328399658203,
            -29.57179832458496,
            2.0292515754699707,
            -10.287178993225098,
            -14.700181007385254,
            -2.0362629890441895,
            -13.266995429992676,
            -13.120880126953125,
            -8.663105010986328,
            -13.0321683883667,
            -5.251160621643066,
            -4.864355087280273,
            0.7130829691886902,
            -7.9479475021362305,
            -2.33874773979187,
            -0.619728147983551,
            -1.0023220777511597,
            -0.9126157760620117,
            -1.5560098886489868
        ],
        "pitch": {
            "mean": 1474.38916015625,
            "std_dev": 989.5492553710938,
            "min": 145.70289611816406,
            "max": 3999.572021484375
        },
        "spectral_features": {
            "centroid_mean": 1789.169740303361,
            "bandwidth_mean": 1662.913766284603,
            "contrast_mean": 24.062021589655064,
            "rolloff_mean": 3133.594167674389
        },
        "prosody": {
            "energy_mean": 0.1772572100162506,
            "energy_std_dev": 0.13175153732299805,
            "tempo": 89.10290948275862
        },
        "formants": {
            "f1": 441.4306640625,
            "f2": 1044.3603515625,
            "f3": 1787.255859375,
            "f4": 2357.8857421875
        }
    },
    "created_at": "2025-07-30 19:14:33.854287",
    "sample_rate": 22050
}